[
{
    "model": "sessions.session",
    "pk": "1dwmla7j320ppmz1mkh40qzozpmi5b7j",
    "fields": {
        "session_data": "YmNmOGJiYjY5MTQ5ZDlhY2MwYjgwMjRmMjhiMjliYjJjNzdjYTJmNDp7Il9hdXRoX3VzZXJfaGFzaCI6Ijc3NmMyNmU2ZGM4MzVhM2Y5M2U2MmU1MmMxNGMwMTY5OGRkOTljYzkiLCJfYXV0aF91c2VyX2JhY2tlbmQiOiJhY2NvdW50cy5iYWNrZW5kcy5FbWFpbEF1dGgiLCJfYXV0aF91c2VyX2lkIjoiOCJ9",
        "expire_date": "2018-10-15T19:27:21.939Z"
    }
},
{
    "model": "sessions.session",
    "pk": "2cq6rg3p3yvyp3yu2vuh3okdjmend0u0",
    "fields": {
        "session_data": "YTRkMjAzZjgzZmY0YjE3NjgwYmJkNmRiZjk0Zjg3OGM5ZTdjMzc0Zjp7Il9hdXRoX3VzZXJfaGFzaCI6ImFkZTFjOTQzNGRmMTgwNTQwYmE3MDEzMWM3OTVmOTE3OTQ1M2VlZTgiLCJfYXV0aF91c2VyX2JhY2tlbmQiOiJhY2NvdW50cy5iYWNrZW5kcy5FbWFpbEF1dGgiLCJfYXV0aF91c2VyX2lkIjoiMSJ9",
        "expire_date": "2018-10-15T18:40:00.591Z"
    }
},
{
    "model": "sessions.session",
    "pk": "3lp5jk5dbfrwi92brahnltjamg2yk258",
    "fields": {
        "session_data": "ZmViM2UzNTlhMmM0NWFkMTU5NTk1NjZhNzg1YWQ3ZjExNWU5YmEzOTp7Il9hdXRoX3VzZXJfaGFzaCI6ImFkZTFjOTQzNGRmMTgwNTQwYmE3MDEzMWM3OTVmOTE3OTQ1M2VlZTgiLCJfYXV0aF91c2VyX2JhY2tlbmQiOiJkamFuZ28uY29udHJpYi5hdXRoLmJhY2tlbmRzLk1vZGVsQmFja2VuZCIsIl9hdXRoX3VzZXJfaWQiOiIxIn0=",
        "expire_date": "2018-09-27T12:24:09.534Z"
    }
},
{
    "model": "sessions.session",
    "pk": "5qyjqqt9sxc42bohozebvh4r834ykbap",
    "fields": {
        "session_data": "YTRkMjAzZjgzZmY0YjE3NjgwYmJkNmRiZjk0Zjg3OGM5ZTdjMzc0Zjp7Il9hdXRoX3VzZXJfaGFzaCI6ImFkZTFjOTQzNGRmMTgwNTQwYmE3MDEzMWM3OTVmOTE3OTQ1M2VlZTgiLCJfYXV0aF91c2VyX2JhY2tlbmQiOiJhY2NvdW50cy5iYWNrZW5kcy5FbWFpbEF1dGgiLCJfYXV0aF91c2VyX2lkIjoiMSJ9",
        "expire_date": "2018-09-27T13:41:06.920Z"
    }
},
{
    "model": "sessions.session",
    "pk": "8sfoudxforj8l6lw72spnx9y424jawk5",
    "fields": {
        "session_data": "YTRkMjAzZjgzZmY0YjE3NjgwYmJkNmRiZjk0Zjg3OGM5ZTdjMzc0Zjp7Il9hdXRoX3VzZXJfaGFzaCI6ImFkZTFjOTQzNGRmMTgwNTQwYmE3MDEzMWM3OTVmOTE3OTQ1M2VlZTgiLCJfYXV0aF91c2VyX2JhY2tlbmQiOiJhY2NvdW50cy5iYWNrZW5kcy5FbWFpbEF1dGgiLCJfYXV0aF91c2VyX2lkIjoiMSJ9",
        "expire_date": "2018-10-17T19:04:50.356Z"
    }
},
{
    "model": "sessions.session",
    "pk": "hemuc60t1n6zod80uzeri6cruigqw5j4",
    "fields": {
        "session_data": "YTRkMjAzZjgzZmY0YjE3NjgwYmJkNmRiZjk0Zjg3OGM5ZTdjMzc0Zjp7Il9hdXRoX3VzZXJfaGFzaCI6ImFkZTFjOTQzNGRmMTgwNTQwYmE3MDEzMWM3OTVmOTE3OTQ1M2VlZTgiLCJfYXV0aF91c2VyX2JhY2tlbmQiOiJhY2NvdW50cy5iYWNrZW5kcy5FbWFpbEF1dGgiLCJfYXV0aF91c2VyX2lkIjoiMSJ9",
        "expire_date": "2018-10-21T19:06:17.834Z"
    }
},
{
    "model": "sessions.session",
    "pk": "kyimuzxacy3ncsj1q3d5yylm69rn0ma9",
    "fields": {
        "session_data": "YTRkMjAzZjgzZmY0YjE3NjgwYmJkNmRiZjk0Zjg3OGM5ZTdjMzc0Zjp7Il9hdXRoX3VzZXJfaGFzaCI6ImFkZTFjOTQzNGRmMTgwNTQwYmE3MDEzMWM3OTVmOTE3OTQ1M2VlZTgiLCJfYXV0aF91c2VyX2JhY2tlbmQiOiJhY2NvdW50cy5iYWNrZW5kcy5FbWFpbEF1dGgiLCJfYXV0aF91c2VyX2lkIjoiMSJ9",
        "expire_date": "2018-10-15T19:02:00.913Z"
    }
},
{
    "model": "sessions.session",
    "pk": "ouaofcmthfq9xj521xh1sjmzj3toaocg",
    "fields": {
        "session_data": "ZmViM2UzNTlhMmM0NWFkMTU5NTk1NjZhNzg1YWQ3ZjExNWU5YmEzOTp7Il9hdXRoX3VzZXJfaGFzaCI6ImFkZTFjOTQzNGRmMTgwNTQwYmE3MDEzMWM3OTVmOTE3OTQ1M2VlZTgiLCJfYXV0aF91c2VyX2JhY2tlbmQiOiJkamFuZ28uY29udHJpYi5hdXRoLmJhY2tlbmRzLk1vZGVsQmFja2VuZCIsIl9hdXRoX3VzZXJfaWQiOiIxIn0=",
        "expire_date": "2018-10-17T19:00:09.844Z"
    }
},
{
    "model": "sessions.session",
    "pk": "pobirw7y6zmudtyjh4tx0urnl33ev90b",
    "fields": {
        "session_data": "YTRkMjAzZjgzZmY0YjE3NjgwYmJkNmRiZjk0Zjg3OGM5ZTdjMzc0Zjp7Il9hdXRoX3VzZXJfaGFzaCI6ImFkZTFjOTQzNGRmMTgwNTQwYmE3MDEzMWM3OTVmOTE3OTQ1M2VlZTgiLCJfYXV0aF91c2VyX2JhY2tlbmQiOiJhY2NvdW50cy5iYWNrZW5kcy5FbWFpbEF1dGgiLCJfYXV0aF91c2VyX2lkIjoiMSJ9",
        "expire_date": "2018-10-15T18:38:32.756Z"
    }
},
{
    "model": "sessions.session",
    "pk": "tytw4oyuk3nfg5o3t9159548nqaacumm",
    "fields": {
        "session_data": "YTRkMjAzZjgzZmY0YjE3NjgwYmJkNmRiZjk0Zjg3OGM5ZTdjMzc0Zjp7Il9hdXRoX3VzZXJfaGFzaCI6ImFkZTFjOTQzNGRmMTgwNTQwYmE3MDEzMWM3OTVmOTE3OTQ1M2VlZTgiLCJfYXV0aF91c2VyX2JhY2tlbmQiOiJhY2NvdW50cy5iYWNrZW5kcy5FbWFpbEF1dGgiLCJfYXV0aF91c2VyX2lkIjoiMSJ9",
        "expire_date": "2018-09-27T13:23:06.486Z"
    }
},
{
    "model": "sessions.session",
    "pk": "vxfo8j070ffk8q9m7eyhpkanes1vambq",
    "fields": {
        "session_data": "ZmViM2UzNTlhMmM0NWFkMTU5NTk1NjZhNzg1YWQ3ZjExNWU5YmEzOTp7Il9hdXRoX3VzZXJfaGFzaCI6ImFkZTFjOTQzNGRmMTgwNTQwYmE3MDEzMWM3OTVmOTE3OTQ1M2VlZTgiLCJfYXV0aF91c2VyX2JhY2tlbmQiOiJkamFuZ28uY29udHJpYi5hdXRoLmJhY2tlbmRzLk1vZGVsQmFja2VuZCIsIl9hdXRoX3VzZXJfaWQiOiIxIn0=",
        "expire_date": "2018-10-15T18:33:31.127Z"
    }
},
{
    "model": "sessions.session",
    "pk": "zm0umps0lwq866k3xcbiulltm8kxvbxg",
    "fields": {
        "session_data": "YTRkMjAzZjgzZmY0YjE3NjgwYmJkNmRiZjk0Zjg3OGM5ZTdjMzc0Zjp7Il9hdXRoX3VzZXJfaGFzaCI6ImFkZTFjOTQzNGRmMTgwNTQwYmE3MDEzMWM3OTVmOTE3OTQ1M2VlZTgiLCJfYXV0aF91c2VyX2JhY2tlbmQiOiJhY2NvdW50cy5iYWNrZW5kcy5FbWFpbEF1dGgiLCJfYXV0aF91c2VyX2lkIjoiMSJ9",
        "expire_date": "2018-10-15T19:43:32.249Z"
    }
},
{
    "model": "sites.site",
    "pk": 1,
    "fields": {
        "domain": "example.com",
        "name": "example.com"
    }
},
{
    "model": "sites.site",
    "pk": 2,
    "fields": {
        "domain": "localhost",
        "name": "localhost"
    }
},
{
    "model": "flatpages.flatpage",
    "pk": 1,
    "fields": {
        "url": "/pages/about/",
        "title": "About Us",
        "content": "<b>Motorholics.com</b> are one of the largest online car and van parts stores in the UK. We have a complete selection of high quality parts for a wide range of vehicle makes and models - offered at the lowest prices.\r\n\r\nWe conduct our business online and we ship direct from our warehouse, this means we don't have to charge you for expenses on office maintenance and store personnel. This way, we pass the savings on to you. \r\n\r\nIn addition to our car parts shop we are running a blog where local mechanics also join the conversation and can provide online advice on various car issues.",
        "enable_comments": false,
        "template_name": "",
        "registration_required": false,
        "sites": [
            [
                "localhost"
            ]
        ]
    }
},
{
    "model": "flatpages.flatpage",
    "pk": 2,
    "fields": {
        "url": "/pages/contact/",
        "title": "Contact Us",
        "content": "Team Email: Motorholics@coding.com<br/>\r\nTeam Tel: 0207 123456<br></br/>\r\n\r\n<strong>Delivery Charges:</strong><br/>\r\nStandard - \u00a33.99<br/>\r\nExpress - \u00a39.99<br/>\r\nFree on all orders over \u00a340",
        "enable_comments": false,
        "template_name": "",
        "registration_required": false,
        "sites": [
            [
                "localhost"
            ]
        ]
    }
},
{
    "model": "accounts.user",
    "pk": 1,
    "fields": {
        "password": "pbkdf2_sha256$36000$ceRoiCuZzmJx$mHaUhiov7RWBcsM1OaT849wbbLDgJ98sBHsppsYxkBo=",
        "last_login": "2018-10-07T19:06:17.590Z",
        "is_superuser": true,
        "username": "chrisk_21@yahoo.co.uk",
        "first_name": "",
        "last_name": "",
        "email": "chrisk_21@yahoo.co.uk",
        "is_staff": true,
        "is_active": true,
        "date_joined": "2018-08-17T18:38:33.114Z",
        "stripe_id": "",
        "subscription_end": "2018-08-25T11:53:23.823Z",
        "groups": [],
        "user_permissions": []
    }
},
{
    "model": "accounts.user",
    "pk": 2,
    "fields": {
        "password": "pbkdf2_sha256$36000$OHyGnQeYMV5K$kKyFYpOvWa1r0tzf2svaFX25pNaWtTTFf4b9W0xwmDw=",
        "last_login": null,
        "is_superuser": false,
        "username": "ting@ting.co.uk",
        "first_name": "",
        "last_name": "",
        "email": "ting@ting.co.uk",
        "is_staff": false,
        "is_active": true,
        "date_joined": "2018-08-20T19:20:52.152Z",
        "stripe_id": "",
        "subscription_end": "2018-08-25T11:53:23.823Z",
        "groups": [],
        "user_permissions": []
    }
},
{
    "model": "accounts.user",
    "pk": 3,
    "fields": {
        "password": "pbkdf2_sha256$36000$31RI0L6a17zx$2zWiwVQ9zJ2ndzHq9etVaUrGtbhZwhvlqBeLDA3rJQY=",
        "last_login": "2018-08-24T19:29:39.993Z",
        "is_superuser": false,
        "username": "testtest@google.com",
        "first_name": "",
        "last_name": "",
        "email": "testtest@google.com",
        "is_staff": false,
        "is_active": true,
        "date_joined": "2018-08-24T19:29:34.285Z",
        "stripe_id": "tok_1D2kyGGNUFpTl4HHSLEXYJLz",
        "subscription_end": "2018-08-25T11:53:23.823Z",
        "groups": [],
        "user_permissions": []
    }
},
{
    "model": "accounts.user",
    "pk": 4,
    "fields": {
        "password": "pbkdf2_sha256$36000$4Bhgkt8FY4U6$lItFOBtKze4zTYufEQ4988wO4kjghyYOe+0rjmS05So=",
        "last_login": "2018-08-26T10:09:34.395Z",
        "is_superuser": false,
        "username": "IT123@yahoo.co.uk",
        "first_name": "",
        "last_name": "",
        "email": "IT123@yahoo.co.uk",
        "is_staff": false,
        "is_active": true,
        "date_joined": "2018-08-26T10:09:30.847Z",
        "stripe_id": "cus_DUJoELeNcdd9bh",
        "subscription_end": "2018-09-23T13:30:52.188Z",
        "groups": [],
        "user_permissions": []
    }
},
{
    "model": "accounts.user",
    "pk": 5,
    "fields": {
        "password": "pbkdf2_sha256$36000$bAbYvXfKoJzR$McUhICAa4pRrts1KMLtKnh4SUK5DgyAzuzGhEbK6Fpk=",
        "last_login": "2018-09-09T10:30:16.143Z",
        "is_superuser": false,
        "username": "coffee@show.co.uk",
        "first_name": "",
        "last_name": "",
        "email": "coffee@show.co.uk",
        "is_staff": false,
        "is_active": true,
        "date_joined": "2018-09-09T10:30:11.576Z",
        "stripe_id": "cus_DZZJ42QRCUBGp4",
        "subscription_end": "2018-10-07T10:30:15.313Z",
        "groups": [],
        "user_permissions": []
    }
},
{
    "model": "accounts.user",
    "pk": 6,
    "fields": {
        "password": "pbkdf2_sha256$36000$AO2jrFjtyqyg$eG7MkZ51VZfk7QGFR0yi39LWQSHtB2gjQ8iImgSrRBI=",
        "last_login": "2018-09-21T18:33:57.906Z",
        "is_superuser": false,
        "username": "Tech@smile.com",
        "first_name": "",
        "last_name": "",
        "email": "Tech@smile.com",
        "is_staff": false,
        "is_active": true,
        "date_joined": "2018-09-21T18:33:52.624Z",
        "stripe_id": "cus_DeBpdHYXB9zfCV",
        "subscription_end": "2018-10-19T18:33:56.672Z",
        "groups": [],
        "user_permissions": []
    }
},
{
    "model": "accounts.user",
    "pk": 7,
    "fields": {
        "password": "pbkdf2_sha256$36000$L0bAsxEX4yoF$RHf2QFjDdQvW4Ckqswo9cIeSBmBd6g5RxaN61mzYieA=",
        "last_login": "2018-10-01T18:26:45.485Z",
        "is_superuser": false,
        "username": "motoradmin@cars.co.uk",
        "first_name": "",
        "last_name": "",
        "email": "motoradmin@cars.co.uk",
        "is_staff": false,
        "is_active": true,
        "date_joined": "2018-10-01T18:26:40.953Z",
        "stripe_id": "cus_DhvySyBQUMlQFo",
        "subscription_end": "2018-10-29T19:26:44.613Z",
        "groups": [],
        "user_permissions": []
    }
},
{
    "model": "accounts.user",
    "pk": 8,
    "fields": {
        "password": "pbkdf2_sha256$36000$sVrssNH70C5y$LF62t/hbvd5WxTrtgDpUxjcJxkmltRWQ5mMY1tSW2pY=",
        "last_login": "2018-10-02T06:20:25.796Z",
        "is_superuser": false,
        "username": "teatime@monday.co.uk",
        "first_name": "",
        "last_name": "",
        "email": "teatime@monday.co.uk",
        "is_staff": false,
        "is_active": true,
        "date_joined": "2018-10-01T19:27:17.680Z",
        "stripe_id": "cus_DhwwhHiPoVRmo8",
        "subscription_end": "2018-10-29T20:27:21.008Z",
        "groups": [],
        "user_permissions": []
    }
},
{
    "model": "blog.post",
    "pk": 1,
    "fields": {
        "author": [
            "chrisk_21@yahoo.co.uk"
        ],
        "title": "Car paint repair",
        "content": "Perfect paintwork once more, with low cost, quick and convenient SMART repair services, car scratch removal available from Revive!",
        "created_date": "2018-08-27T10:22:56.249Z",
        "published_date": "2018-09-13T10:42:58.716Z",
        "views": 4,
        "tag": null,
        "image": "images/scuff.jpg"
    }
},
{
    "model": "blog.post",
    "pk": 2,
    "fields": {
        "author": [
            "chrisk_21@yahoo.co.uk"
        ],
        "title": "Wheels",
        "content": "Alloy wheels and rims are a great way to customise the look of your car, with various different styles available - many drivers appreciate the enhanced look that clean alloy wheels can offer. Likewise, if you\u2019re thinking about changing your tyre size, you might also need new alloy rims to accommodate the new size correctly.",
        "created_date": "2018-08-27T11:40:00.815Z",
        "published_date": "2018-09-13T10:41:06.621Z",
        "views": 11,
        "tag": null,
        "image": "images/wheel.jpg"
    }
},
{
    "model": "blog.post",
    "pk": 3,
    "fields": {
        "author": [
            "chrisk_21@yahoo.co.uk"
        ],
        "title": "When will cars fly?",
        "content": "PAL-V showed-off its Liberty flying car in Geneva. But will it help get the flying car market off the ground?\r\nThe PAL-V Liberty flying car made an appearance at the 2018 Geneva Motor Show, delighting onlookers with a production ready flying car \u2013 something the Dutch firm claims is a world first.\r\n\r\nThe Liberty isn\u2019t alone in the world, though, as various manufacturers across the globe have designed concepts in an attempt to corner the market of flying cars.\r\n\r\nTo most motorists the idea of switching congested motorways for the open skies is incredibly appealing, with many arguing that a world of flying cars would alleviate major logistical problems and congestion.\r\n\r\n\u2022 BMW's Hover Ride Design Concept is a Lego-inspired flying bike\r\n\r\nBut could it really happen? Why hasn\u2019t it happened already? Will it happen with Honda? Will you need to carry breathalyser kits and a high-vis jacket if you drift into French airspace? None of these questions have unequivocal answers, and until someone comes up with a viable solution to the flying car problem, that isn\u2019t going to change. That being said PAL-V are closer than anyone...",
        "created_date": "2018-08-27T11:43:15Z",
        "published_date": "2018-10-02T06:09:16.081Z",
        "views": 25,
        "tag": "Flying",
        "image": "images/flying.jpg"
    }
},
{
    "model": "blog.post",
    "pk": 4,
    "fields": {
        "author": [
            "chrisk_21@yahoo.co.uk"
        ],
        "title": "New lights for Mini BMW",
        "content": "The new Mini family drinks less fuel, has a new dual-clutch gearbox, and is precisely thirty-seven per cent more British, old bean. Because the Oxford-build posh towncar has inherited Union Jack motif taillights.",
        "created_date": "2018-09-02T09:25:56.810Z",
        "published_date": "2018-09-13T10:39:10.661Z",
        "views": 17,
        "tag": null,
        "image": "images/mini.jpg"
    }
},
{
    "model": "blog.post",
    "pk": 5,
    "fields": {
        "author": [
            "IT123@yahoo.co.uk"
        ],
        "title": "Honda dares",
        "content": "At the 1995 Tokyo motor show, Honda dared to dream, revealing a radical concept car called the Sports Study Model. It had been designed with Pininfarina, the famous Italian styling house that worked with the likes of Ferrari, with a view to building a production model in time to celebrate the 50 th anniversary of Honda. Less than four years later, the S2000 was launched, with the SSM\u2019s look refined by Honda designer, Daisuki Sawai. More than 110,000 went on to be sold.",
        "created_date": "2018-09-07T19:49:31Z",
        "published_date": "2018-09-07T19:49:56Z",
        "views": 6,
        "tag": null,
        "image": "images/honda.jpg"
    }
},
{
    "model": "blog.post",
    "pk": 6,
    "fields": {
        "author": [
            "chrisk_21@yahoo.co.uk"
        ],
        "title": "Japanese Cars",
        "content": "It might sound like pie in the sky, but Japan's government is banking on a future with flying cars, launching an initiative with the private sector to develop futuristic vehicles.\r\n\r\nThe initiative aims to draw up a roadmap by the end of the year on commercialising flying cars, a concept that so far remains largely theoretical.\r\n\r\nThere will be more space in the sky....",
        "created_date": "2018-10-02T06:16:17.264Z",
        "published_date": "2018-10-02T06:17:18.617Z",
        "views": 5,
        "tag": null,
        "image": "images/japanCar.jpg"
    }
},
{
    "model": "threads.subject",
    "pk": 2,
    "fields": {
        "name": "Car Tax Reminders",
        "description": "<p>How to make sure you receive reminders to pay your car tax</p>"
    }
},
{
    "model": "threads.subject",
    "pk": 8,
    "fields": {
        "name": "Best New Car Deals 2018",
        "description": "<p>Need help to find a great car deal?</p>"
    }
},
{
    "model": "threads.subject",
    "pk": 9,
    "fields": {
        "name": "Gearbox issues",
        "description": "<p>What can the issue be and best garage to assist?</p>"
    }
},
{
    "model": "threads.subject",
    "pk": 10,
    "fields": {
        "name": "Pesky Car Scuffs",
        "description": "<p>How to get rid of them?</p>"
    }
},
{
    "model": "threads.thread",
    "pk": 4,
    "fields": {
        "name": "Coffee",
        "user": [
            "coffee@show.co.uk"
        ],
        "subject": 2,
        "created_at": "2018-09-09T10:31:43.474Z"
    }
},
{
    "model": "threads.thread",
    "pk": 6,
    "fields": {
        "name": "Reminders contact",
        "user": [
            "chrisk_21@yahoo.co.uk"
        ],
        "subject": 2,
        "created_at": "2018-09-09T12:28:25.196Z"
    }
},
{
    "model": "threads.thread",
    "pk": 12,
    "fields": {
        "name": "Good time to look",
        "user": [
            "teatime@monday.co.uk"
        ],
        "subject": 8,
        "created_at": "2018-10-01T19:28:40.078Z"
    }
},
{
    "model": "threads.thread",
    "pk": 13,
    "fields": {
        "name": "SMART",
        "user": [
            "teatime@monday.co.uk"
        ],
        "subject": 10,
        "created_at": "2018-10-01T19:29:46.054Z"
    }
},
{
    "model": "threads.thread",
    "pk": 14,
    "fields": {
        "name": "Grinding or shaking",
        "user": [
            "teatime@monday.co.uk"
        ],
        "subject": 9,
        "created_at": "2018-10-01T19:31:30.906Z"
    }
},
{
    "model": "threads.thread",
    "pk": 15,
    "fields": {
        "name": "Colour matching",
        "user": [
            "chrisk_21@yahoo.co.uk"
        ],
        "subject": 10,
        "created_at": "2018-10-01T19:42:50.425Z"
    }
},
{
    "model": "threads.thread",
    "pk": 16,
    "fields": {
        "name": "Best scuff removers",
        "user": [
            "chrisk_21@yahoo.co.uk"
        ],
        "subject": 10,
        "created_at": "2018-10-01T19:45:34.932Z"
    }
},
{
    "model": "threads.post",
    "pk": 4,
    "fields": {
        "thread": 4,
        "comment": "<p>You'll&nbsp;<em>get a reminder</em>&nbsp;one month before your MOT is due. You'll&nbsp;<em>get</em>&nbsp;another&nbsp;<em>reminder</em>&nbsp;if you still haven't had your&nbsp;<em>vehicle</em>&nbsp;tested<strong> 2 weeks</strong> before your MOT is due.</p>",
        "user": [
            "coffee@show.co.uk"
        ],
        "created_at": "2018-09-09T10:31:43.475Z"
    }
},
{
    "model": "threads.post",
    "pk": 6,
    "fields": {
        "thread": 6,
        "comment": "<p>contact these guys for reminders</p>\r\n<h2 id=\"help-with-reminders\">Help with reminders</h2>\r\n<p>Contact the Driver and Vehicle Standards Agency (<abbr title=\"Driver and Vehicle Standards Agency\">DVSA</abbr>) to get help with MOT reminders.</p>\r\n<div class=\"contact\">\r\n<p><strong><abbr title=\"Driver and Vehicle Standards Agency\">DVSA</abbr>&nbsp;customer service centre</strong><br />Telephone: 0300 123 9000<br />Monday to Friday, 7:30am to 6pm</p>\r\n</div>",
        "user": [
            "chrisk_21@yahoo.co.uk"
        ],
        "created_at": "2018-09-09T12:28:25.196Z"
    }
},
{
    "model": "threads.post",
    "pk": 8,
    "fields": {
        "thread": 6,
        "comment": "<p>Testing</p>",
        "user": [
            "chrisk_21@yahoo.co.uk"
        ],
        "created_at": "2018-10-01T18:35:10.704Z"
    }
},
{
    "model": "threads.post",
    "pk": 11,
    "fields": {
        "thread": 12,
        "comment": "<p>The new 68 plates are here, which means it's the perfect time to start hunting around for the best new car deals. Why? Because manufacturers are currently offering a wide selection of new car deals to tempt you into the showroom, with many deals coming with huge deposit contributions or 0 per cent APR.</p>",
        "user": [
            "teatime@monday.co.uk"
        ],
        "created_at": "2018-10-01T19:28:40.079Z"
    }
},
{
    "model": "threads.post",
    "pk": 12,
    "fields": {
        "thread": 13,
        "comment": "<p>SMART stands for Small to Medium Area Repair Technology. It&rsquo;s a technique for repairing small areas of car bodywork damage.&nbsp;<a href=\"https://www.chipsaway.co.uk/our-world/blog/2015/6/12/what-is-smart-repair/\">SMART repair</a>&nbsp;uses specialist tools, materials and paints to blend the repair with the surrounding panel. It&rsquo;s much quicker and cheaper than traditional car repair.</p>",
        "user": [
            "teatime@monday.co.uk"
        ],
        "created_at": "2018-10-01T19:29:46.060Z"
    }
},
{
    "model": "threads.post",
    "pk": 13,
    "fields": {
        "thread": 14,
        "comment": "<p>A car should be running smoothly and be without shaking movements and grinding sounds. If you do encounter these issues, it could be an indicator that there is a problem with the gears</p>",
        "user": [
            "teatime@monday.co.uk"
        ],
        "created_at": "2018-10-01T19:31:30.907Z"
    }
},
{
    "model": "threads.post",
    "pk": 14,
    "fields": {
        "thread": 15,
        "comment": "<p>During the car scratch repair process, colour matching is undertaken to the manufacturer's original code specification. Therefore, instead of an expensive paint repair across a whole panel, our&nbsp;professionals only need to paint the damaged area.</p>",
        "user": [
            "chrisk_21@yahoo.co.uk"
        ],
        "created_at": "2018-10-01T19:42:50.426Z"
    }
},
{
    "model": "threads.post",
    "pk": 15,
    "fields": {
        "thread": 16,
        "comment": "<ul class=\"i8Z77e\">\r\n<li class=\"TrT0Xe\">Best Rated Car Scratch Remover in 2018:</li>\r\n<li class=\"TrT0Xe\">1 Meguiar's G17216 Ultimate Compound.</li>\r\n<li class=\"TrT0Xe\">2 Turtle Wax 50734 Complete Compound.</li>\r\n<li class=\"TrT0Xe\">3 Quixx 00070-Us Paint Scratch Remover Kit.</li>\r\n<li class=\"TrT0Xe\">4 3m 39071 Scratch Removal System.</li>\r\n<li class=\"TrT0Xe\">5 Formula 1 Scratch Out.</li>\r\n<li class=\"TrT0Xe\">6 3m 39044 Scratch Remover.</li>\r\n<li class=\"TrT0Xe\">7 Chemical Guys Com_129_16 Scratch &amp; Swirl Remover.</li>\r\n</ul>",
        "user": [
            "chrisk_21@yahoo.co.uk"
        ],
        "created_at": "2018-10-01T19:45:34.933Z"
    }
},
{
    "model": "polls.poll",
    "pk": 1,
    "fields": {
        "question": "DVLA Reminders",
        "thread": 6
    }
},
{
    "model": "polls.poll",
    "pk": 3,
    "fields": {
        "question": "best remover",
        "thread": 16
    }
},
{
    "model": "polls.pollsubject",
    "pk": 1,
    "fields": {
        "name": "DVLA Reminder",
        "poll": 1
    }
},
{
    "model": "polls.pollsubject",
    "pk": 2,
    "fields": {
        "name": "Phone App Reminder",
        "poll": 1
    }
},
{
    "model": "polls.pollsubject",
    "pk": 3,
    "fields": {
        "name": "Post Reminder",
        "poll": 1
    }
},
{
    "model": "polls.pollsubject",
    "pk": 7,
    "fields": {
        "name": "1 Meguiar's G17216 Ultimate Compound.",
        "poll": 3
    }
},
{
    "model": "polls.pollsubject",
    "pk": 8,
    "fields": {
        "name": "2 Turtle Wax 50734 Complete Compound.",
        "poll": 3
    }
},
{
    "model": "polls.pollsubject",
    "pk": 9,
    "fields": {
        "name": "3 Quixx 00070-Us Paint Scratch Remover Kit.",
        "poll": 3
    }
},
{
    "model": "polls.vote",
    "pk": 1,
    "fields": {
        "poll": 1,
        "subject": 1,
        "user": [
            "chrisk_21@yahoo.co.uk"
        ]
    }
},
{
    "model": "polls.vote",
    "pk": 3,
    "fields": {
        "poll": 3,
        "subject": 7,
        "user": [
            "chrisk_21@yahoo.co.uk"
        ]
    }
},
{
    "model": "polls.vote",
    "pk": 4,
    "fields": {
        "poll": 1,
        "subject": 2,
        "user": [
            "teatime@monday.co.uk"
        ]
    }
},
{
    "model": "admin.logentry",
    "pk": 1,
    "fields": {
        "action_time": "2018-08-17T19:02:33.751Z",
        "user": [
            "chrisk_21@yahoo.co.uk"
        ],
        "content_type": [
            "sites",
            "site"
        ],
        "object_id": "2",
        "object_repr": "localhost",
        "action_flag": 1,
        "change_message": "[{\"added\": {}}]"
    }
},
{
    "model": "admin.logentry",
    "pk": 2,
    "fields": {
        "action_time": "2018-08-19T10:28:16.799Z",
        "user": [
            "chrisk_21@yahoo.co.uk"
        ],
        "content_type": [
            "flatpages",
            "flatpage"
        ],
        "object_id": "1",
        "object_repr": "/pages/about/ -- About Us",
        "action_flag": 1,
        "change_message": "[{\"added\": {}}]"
    }
},
{
    "model": "admin.logentry",
    "pk": 3,
    "fields": {
        "action_time": "2018-08-19T10:36:15.740Z",
        "user": [
            "chrisk_21@yahoo.co.uk"
        ],
        "content_type": [
            "flatpages",
            "flatpage"
        ],
        "object_id": "1",
        "object_repr": "/pages/about/ -- About Us",
        "action_flag": 2,
        "change_message": "[]"
    }
},
{
    "model": "admin.logentry",
    "pk": 4,
    "fields": {
        "action_time": "2018-08-20T19:16:26.676Z",
        "user": [
            "chrisk_21@yahoo.co.uk"
        ],
        "content_type": [
            "flatpages",
            "flatpage"
        ],
        "object_id": "2",
        "object_repr": "/pages/contact/ -- Contact Us",
        "action_flag": 1,
        "change_message": "[{\"added\": {}}]"
    }
},
{
    "model": "admin.logentry",
    "pk": 5,
    "fields": {
        "action_time": "2018-08-20T19:18:45.540Z",
        "user": [
            "chrisk_21@yahoo.co.uk"
        ],
        "content_type": [
            "flatpages",
            "flatpage"
        ],
        "object_id": "2",
        "object_repr": "/pages/contact/ -- Contact Us",
        "action_flag": 2,
        "change_message": "[{\"changed\": {\"fields\": [\"content\"]}}]"
    }
},
{
    "model": "admin.logentry",
    "pk": 6,
    "fields": {
        "action_time": "2018-08-20T19:19:25.821Z",
        "user": [
            "chrisk_21@yahoo.co.uk"
        ],
        "content_type": [
            "flatpages",
            "flatpage"
        ],
        "object_id": "2",
        "object_repr": "/pages/contact/ -- Contact Us",
        "action_flag": 2,
        "change_message": "[{\"changed\": {\"fields\": [\"content\"]}}]"
    }
},
{
    "model": "admin.logentry",
    "pk": 7,
    "fields": {
        "action_time": "2018-08-20T19:20:03.482Z",
        "user": [
            "chrisk_21@yahoo.co.uk"
        ],
        "content_type": [
            "flatpages",
            "flatpage"
        ],
        "object_id": "2",
        "object_repr": "/pages/contact/ -- Contact Us",
        "action_flag": 2,
        "change_message": "[{\"changed\": {\"fields\": [\"content\"]}}]"
    }
},
{
    "model": "admin.logentry",
    "pk": 8,
    "fields": {
        "action_time": "2018-08-27T10:22:56.280Z",
        "user": [
            "chrisk_21@yahoo.co.uk"
        ],
        "content_type": [
            "blog",
            "post"
        ],
        "object_id": "1",
        "object_repr": "Car paint repair",
        "action_flag": 1,
        "change_message": "[{\"added\": {}}]"
    }
},
{
    "model": "admin.logentry",
    "pk": 9,
    "fields": {
        "action_time": "2018-08-27T11:40:00.839Z",
        "user": [
            "chrisk_21@yahoo.co.uk"
        ],
        "content_type": [
            "blog",
            "post"
        ],
        "object_id": "2",
        "object_repr": "Wheels",
        "action_flag": 1,
        "change_message": "[{\"added\": {}}]"
    }
},
{
    "model": "admin.logentry",
    "pk": 10,
    "fields": {
        "action_time": "2018-08-27T11:43:15.513Z",
        "user": [
            "chrisk_21@yahoo.co.uk"
        ],
        "content_type": [
            "blog",
            "post"
        ],
        "object_id": "3",
        "object_repr": "When will cars fly?",
        "action_flag": 1,
        "change_message": "[{\"added\": {}}]"
    }
},
{
    "model": "admin.logentry",
    "pk": 11,
    "fields": {
        "action_time": "2018-08-31T18:51:55.180Z",
        "user": [
            "chrisk_21@yahoo.co.uk"
        ],
        "content_type": [
            "blog",
            "post"
        ],
        "object_id": "3",
        "object_repr": "When will cars fly?",
        "action_flag": 2,
        "change_message": "[{\"changed\": {\"fields\": [\"tag\"]}}]"
    }
},
{
    "model": "admin.logentry",
    "pk": 12,
    "fields": {
        "action_time": "2018-08-31T19:56:41.567Z",
        "user": [
            "chrisk_21@yahoo.co.uk"
        ],
        "content_type": [
            "blog",
            "post"
        ],
        "object_id": "3",
        "object_repr": "When will cars fly?",
        "action_flag": 2,
        "change_message": "[{\"changed\": {\"fields\": [\"image\"]}}]"
    }
},
{
    "model": "admin.logentry",
    "pk": 13,
    "fields": {
        "action_time": "2018-09-07T19:47:47.703Z",
        "user": [
            "chrisk_21@yahoo.co.uk"
        ],
        "content_type": [
            "blog",
            "post"
        ],
        "object_id": "3",
        "object_repr": "When will cars fly?",
        "action_flag": 2,
        "change_message": "[{\"changed\": {\"fields\": [\"content\"]}}]"
    }
},
{
    "model": "admin.logentry",
    "pk": 14,
    "fields": {
        "action_time": "2018-09-07T19:51:45.641Z",
        "user": [
            "chrisk_21@yahoo.co.uk"
        ],
        "content_type": [
            "blog",
            "post"
        ],
        "object_id": "5",
        "object_repr": "Honda dares",
        "action_flag": 1,
        "change_message": "[{\"added\": {}}]"
    }
},
{
    "model": "admin.logentry",
    "pk": 15,
    "fields": {
        "action_time": "2018-09-08T14:55:18.284Z",
        "user": [
            "chrisk_21@yahoo.co.uk"
        ],
        "content_type": [
            "threads",
            "subject"
        ],
        "object_id": "1",
        "object_repr": "Car Hire",
        "action_flag": 1,
        "change_message": "[{\"added\": {}}]"
    }
},
{
    "model": "admin.logentry",
    "pk": 16,
    "fields": {
        "action_time": "2018-09-08T14:55:28.847Z",
        "user": [
            "chrisk_21@yahoo.co.uk"
        ],
        "content_type": [
            "threads",
            "thread"
        ],
        "object_id": "1",
        "object_repr": "Thread object",
        "action_flag": 1,
        "change_message": "[{\"added\": {}}]"
    }
},
{
    "model": "admin.logentry",
    "pk": 17,
    "fields": {
        "action_time": "2018-09-08T14:55:45.861Z",
        "user": [
            "chrisk_21@yahoo.co.uk"
        ],
        "content_type": [
            "threads",
            "post"
        ],
        "object_id": "1",
        "object_repr": "Post object",
        "action_flag": 1,
        "change_message": "[{\"added\": {}}]"
    }
},
{
    "model": "admin.logentry",
    "pk": 18,
    "fields": {
        "action_time": "2018-09-09T10:15:13.004Z",
        "user": [
            "chrisk_21@yahoo.co.uk"
        ],
        "content_type": [
            "threads",
            "subject"
        ],
        "object_id": "2",
        "object_repr": "Car Tax Reminders",
        "action_flag": 1,
        "change_message": "[{\"added\": {}}]"
    }
},
{
    "model": "admin.logentry",
    "pk": 19,
    "fields": {
        "action_time": "2018-09-09T10:27:02.262Z",
        "user": [
            "chrisk_21@yahoo.co.uk"
        ],
        "content_type": [
            "threads",
            "subject"
        ],
        "object_id": "3",
        "object_repr": "How to repair car scratches and scuffs",
        "action_flag": 1,
        "change_message": "[{\"added\": {}}]"
    }
},
{
    "model": "admin.logentry",
    "pk": 20,
    "fields": {
        "action_time": "2018-09-13T10:27:51.781Z",
        "user": [
            "chrisk_21@yahoo.co.uk"
        ],
        "content_type": [
            "flatpages",
            "flatpage"
        ],
        "object_id": "1",
        "object_repr": "/pages/about/ -- About Us",
        "action_flag": 2,
        "change_message": "[{\"changed\": {\"fields\": [\"content\"]}}]"
    }
},
{
    "model": "admin.logentry",
    "pk": 21,
    "fields": {
        "action_time": "2018-09-13T12:24:46.539Z",
        "user": [
            "chrisk_21@yahoo.co.uk"
        ],
        "content_type": [
            "threads",
            "subject"
        ],
        "object_id": "3",
        "object_repr": "How to repair car scratches and scuffs",
        "action_flag": 2,
        "change_message": "[{\"changed\": {\"fields\": [\"description\"]}}]"
    }
},
{
    "model": "admin.logentry",
    "pk": 22,
    "fields": {
        "action_time": "2018-09-13T12:26:20.228Z",
        "user": [
            "chrisk_21@yahoo.co.uk"
        ],
        "content_type": [
            "threads",
            "subject"
        ],
        "object_id": "4",
        "object_repr": "Car Engines",
        "action_flag": 1,
        "change_message": "[{\"added\": {}}]"
    }
},
{
    "model": "admin.logentry",
    "pk": 23,
    "fields": {
        "action_time": "2018-09-13T12:29:26.774Z",
        "user": [
            "chrisk_21@yahoo.co.uk"
        ],
        "content_type": [
            "threads",
            "subject"
        ],
        "object_id": "3",
        "object_repr": "How to repair car scratches and scuffs",
        "action_flag": 3,
        "change_message": ""
    }
},
{
    "model": "admin.logentry",
    "pk": 24,
    "fields": {
        "action_time": "2018-09-13T12:29:37.237Z",
        "user": [
            "chrisk_21@yahoo.co.uk"
        ],
        "content_type": [
            "threads",
            "subject"
        ],
        "object_id": "4",
        "object_repr": "Car Engines",
        "action_flag": 3,
        "change_message": ""
    }
},
{
    "model": "admin.logentry",
    "pk": 25,
    "fields": {
        "action_time": "2018-09-13T12:34:25.505Z",
        "user": [
            "chrisk_21@yahoo.co.uk"
        ],
        "content_type": [
            "threads",
            "subject"
        ],
        "object_id": "5",
        "object_repr": "Car Paint",
        "action_flag": 1,
        "change_message": "[{\"added\": {}}]"
    }
},
{
    "model": "admin.logentry",
    "pk": 26,
    "fields": {
        "action_time": "2018-09-13T12:34:35.931Z",
        "user": [
            "chrisk_21@yahoo.co.uk"
        ],
        "content_type": [
            "threads",
            "thread"
        ],
        "object_id": "7",
        "object_repr": "Thread object",
        "action_flag": 1,
        "change_message": "[{\"added\": {}}]"
    }
},
{
    "model": "admin.logentry",
    "pk": 27,
    "fields": {
        "action_time": "2018-09-13T12:42:01.138Z",
        "user": [
            "chrisk_21@yahoo.co.uk"
        ],
        "content_type": [
            "threads",
            "subject"
        ],
        "object_id": "6",
        "object_repr": "When will cars fly",
        "action_flag": 1,
        "change_message": "[{\"added\": {}}]"
    }
},
{
    "model": "admin.logentry",
    "pk": 28,
    "fields": {
        "action_time": "2018-09-13T12:43:13.576Z",
        "user": [
            "chrisk_21@yahoo.co.uk"
        ],
        "content_type": [
            "threads",
            "subject"
        ],
        "object_id": "6",
        "object_repr": "When will cars fly",
        "action_flag": 3,
        "change_message": ""
    }
},
{
    "model": "admin.logentry",
    "pk": 29,
    "fields": {
        "action_time": "2018-09-13T12:43:13.928Z",
        "user": [
            "chrisk_21@yahoo.co.uk"
        ],
        "content_type": [
            "threads",
            "subject"
        ],
        "object_id": "5",
        "object_repr": "Car Paint",
        "action_flag": 3,
        "change_message": ""
    }
},
{
    "model": "admin.logentry",
    "pk": 30,
    "fields": {
        "action_time": "2018-10-01T18:34:03.297Z",
        "user": [
            "chrisk_21@yahoo.co.uk"
        ],
        "content_type": [
            "threads",
            "thread"
        ],
        "object_id": "8",
        "object_repr": "Thread object",
        "action_flag": 2,
        "change_message": "[]"
    }
},
{
    "model": "admin.logentry",
    "pk": 31,
    "fields": {
        "action_time": "2018-10-01T18:50:06.989Z",
        "user": [
            "chrisk_21@yahoo.co.uk"
        ],
        "content_type": [
            "threads",
            "subject"
        ],
        "object_id": "7",
        "object_repr": "Is your car scratched?",
        "action_flag": 1,
        "change_message": "[{\"added\": {}}]"
    }
},
{
    "model": "admin.logentry",
    "pk": 32,
    "fields": {
        "action_time": "2018-10-01T18:50:14.118Z",
        "user": [
            "chrisk_21@yahoo.co.uk"
        ],
        "content_type": [
            "threads",
            "thread"
        ],
        "object_id": "10",
        "object_repr": "Thread object",
        "action_flag": 1,
        "change_message": "[{\"added\": {}}]"
    }
},
{
    "model": "admin.logentry",
    "pk": 33,
    "fields": {
        "action_time": "2018-10-01T18:52:20.193Z",
        "user": [
            "chrisk_21@yahoo.co.uk"
        ],
        "content_type": [
            "threads",
            "thread"
        ],
        "object_id": "10",
        "object_repr": "Thread object",
        "action_flag": 3,
        "change_message": ""
    }
},
{
    "model": "admin.logentry",
    "pk": 34,
    "fields": {
        "action_time": "2018-10-01T19:21:51.743Z",
        "user": [
            "chrisk_21@yahoo.co.uk"
        ],
        "content_type": [
            "threads",
            "subject"
        ],
        "object_id": "8",
        "object_repr": "Best New Car Deals 2018",
        "action_flag": 1,
        "change_message": "[{\"added\": {}}]"
    }
},
{
    "model": "admin.logentry",
    "pk": 35,
    "fields": {
        "action_time": "2018-10-01T19:22:38.553Z",
        "user": [
            "chrisk_21@yahoo.co.uk"
        ],
        "content_type": [
            "threads",
            "subject"
        ],
        "object_id": "9",
        "object_repr": "Gearbox issues",
        "action_flag": 1,
        "change_message": "[{\"added\": {}}]"
    }
},
{
    "model": "admin.logentry",
    "pk": 36,
    "fields": {
        "action_time": "2018-10-01T19:23:11.716Z",
        "user": [
            "chrisk_21@yahoo.co.uk"
        ],
        "content_type": [
            "threads",
            "subject"
        ],
        "object_id": "7",
        "object_repr": "Is your car scratched?",
        "action_flag": 3,
        "change_message": ""
    }
},
{
    "model": "admin.logentry",
    "pk": 37,
    "fields": {
        "action_time": "2018-10-01T19:24:26.560Z",
        "user": [
            "chrisk_21@yahoo.co.uk"
        ],
        "content_type": [
            "threads",
            "subject"
        ],
        "object_id": "10",
        "object_repr": "Pesky Car Scuffs",
        "action_flag": 1,
        "change_message": "[{\"added\": {}}]"
    }
},
{
    "model": "admin.logentry",
    "pk": 38,
    "fields": {
        "action_time": "2018-10-03T19:03:41.529Z",
        "user": [
            "chrisk_21@yahoo.co.uk"
        ],
        "content_type": [
            "threads",
            "subject"
        ],
        "object_id": "1",
        "object_repr": "Car Hire",
        "action_flag": 3,
        "change_message": ""
    }
}
]
